#,Song,Artist,BPM,Camelot,Energy,Added At,Duration,Popularity,Genres,Album,Album Date,Dance,Acoustic,Instrumental,Valence,Speech,Live,Loud (Db),Key,Time Signature,Spotify Track Id,ISRC
1,"Levitating","Dua Lipa",103,11A,88,2022-01-16,03:23,82,"pop","Future Nostalgia",2020-03-27,70,6,0,91,0,20,-2,F#/G♭ Minor,4,39LLxExYz6ewLAcYrzQQyP,GBAHT1901299
2,"In The End - Mellen Gi Remix","Tommee Profitt,Fleurie,Mellen Gi",88,6A,61,2022-03-10,03:38,71,"","In The End",2019-03-22,62,48,3,22,10,10,-7,G Minor,4,5rAUZy2eDdegBxUVYxePK2,USUG11802944
3,"Tum Se (From  Teri Baaton Mein Aisa Uljha Jiya )","Sachin-Jigar,Raghav Chaitanya,Varun Jain,Indraneel",100,6B,60,2025-03-12,04:24,76,"gujarati pop, bollywood, hindi pop, desi, gujarati garba, hindi indie, indian indie, desi pop, ","Tum Se (From  Teri Baaton Mein Aisa Uljha Jiya )",2024-02-02,61,68,0,44,0,10,-6,A#/B♭ Major,4,2ceeTJAzKy295Fm0VsaXtE,INS182400341
4,"Zaroorat","Mustafa Zahid,Mithoon",93,2A,71,2025-03-28,06:08,70,"bollywood, hindi pop","Ek Villain",2014-05-28,35,36,0,24,0,20,-6,D#/E♭ Minor,4,32U1XMh3DKlm45uvpofhvY,INS181401037
5,"Toxic","BoyWithUke",180,1A,61,2022-10-06,02:48,64,"","Toxic",2021-10-29,59,84,0,69,30,40,-7,G#/A♭ Minor,4,2gQPv5jvVPqU2a9HhMNO1v,TCAFS2101442
6,"Astronaut In The Ocean","Masked Wolf",150,9A,70,2022-03-24,02:12,72,"","Astronaut In The Ocean",2021-01-06,78,18,0,47,0,10,-7,E Minor,4,3Ofmpyhv5UAQ70mENzB277,USAT22100017
7,"Kesariya (From  Brahmastra )","Pritam,Arijit Singh,Amitabh Bhattacharya",94,8B,57,2023-10-26,04:28,72,"bollywood, hindi pop, desi, bangla pop","Kesariya (From  Brahmastra )",2022-07-17,58,57,0,44,0,10,-7,C Major,4,6VBhH7CyP56BXjp8VsDFPZ,INS172203702
8,"On My Way","Alan Walker,Sabrina Carpenter,Farruko",170,12A,69,2022-01-12,03:13,74,"pop, reggaeton, trap latino","On My Way",2019-03-21,51,2,0,30,10,30,-5,C♯/D♭ Minor,4,4n7jnSxVLd8QioibtTDBDq,NOG841901010
9,"Stronger","TheFatRat,Slaydit,Anjulie",160,11A,92,2022-06-08,03:25,64,"","Stronger",2019-06-24,67,7,6,51,0,0,-4,F#/G♭ Minor,3,0iTI5FTB9iEUtcMdx9YyZS,CA6D21900181
10,"Cradles","Sub Urban",67,3B,59,2022-01-12,03:29,1,"","Cradles",2019-01-04,58,27,0,63,30,10,-2,C♯/D♭ Major,3,18A7ha5BitZjmdHTCwXFbU,GB2LD1800949
11,"Sanam Re (From  Sanam Re )","Mithoon,Arijit Singh",112,6A,71,2024-06-29,05:08,63,"bollywood, hindi pop, desi, bangla pop","Love Forever With Arijit Singh",2017-06-07,58,40,0,76,0,10,-5,G Minor,4,3XWBGyt7m2rZAjEj0awWnw,INS181502139
12,"World's Smallest Violin","AJR",116,7B,70,2022-10-06,03:00,70,"","OK ORCHESTRA",2021-03-26,68,12,0,68,0,60,-7,F Major,4,68EkhVWIeULhHxcbi1QhzK,QMRSZ2003324
13,"Plevne","CVRTOON",86,1A,59,2024-05-01,03:19,51,"","Plevne",2020-02-06,41,3,72,6,0,10,-9,G#/A♭ Minor,3,66G35AgNTBnGzxdRDPgqyx,TCAEQ2060772
14,"Raataan Lambiyan (From  Shershaah )","Tanishk Bagchi,Jubin Nautiyal,Asees Kaur",81,6B,63,2024-01-09,03:50,71,"bollywood, hindi pop, desi, desi pop, gujarati garba, bhajan, devotional","Raataan Lambiyan (From  Shershaah )",2021-07-30,72,62,0,51,0,10,-6,A#/B♭ Major,4,2rOnSn2piaqLAlYjtfUBlY,INS172102667
15,"Malang Sajna","Sachet Tandon,Parampara Tandon,Kumaar,Sachet-Parampara",114,6B,74,2024-06-23,02:39,76,"bhajan, hindi pop, devotional, bollywood, desi pop, desi","Malang Sajna",2022-12-19,74,53,0,81,0,30,-4,A#/B♭ Major,4,73K33p4Vyz9koXGqmL5eFs,INS182203702
16,"Bekhayali (From  Kabir Singh )","Sachet Tandon,Sachet-Parampara",172,8A,59,2024-02-03,06:11,74,"bhajan, hindi pop, devotional, bollywood, desi pop","Bekhayali (From  Kabir Singh )",2019-05-24,31,45,0,35,0,30,-5,A Minor,3,1feANd8EfcDP5UqSvbheM3,INS181901739
17,"Tere Vaaste (From  Zara Hatke Zara Bachke )","Varun Jain,Sachin-Jigar,Shadab Faridi,Altamash Faridi,Amitabh Bhattacharya",110,6A,72,2024-06-24,03:09,62,"hindi pop, desi pop, bollywood, gujarati pop, desi, gujarati garba, sufi","Tere Vaaste (From  Zara Hatke Zara Bachke )",2023-05-22,76,32,0,96,0,0,-8,G Minor,4,46hzNOUOAlivuCZZ0wE3zi,INH102307782
18,"Bones","Imagine Dragons",114,4A,74,2024-07-02,02:45,77,"","Bones",2022-03-11,77,2,0,57,0,0,-4,F Minor,4,0HqZX76SFLDz2aW8aiqi7G,USUM72201759
19,"İzmir Marşı","CVRTOON",135,12B,61,2024-06-24,04:19,0,"","İzmir Marşı",2019-06-16,49,0,94,14,0,0,-9,E Major,4,5vYmIS8xffohMHVOoRr828,TCAGX2376433
20,"Jeena Jeena","Sachin-Jigar,Atif Aslam,Priya Saraiya",105,7B,34,2024-06-29,03:48,10,"gujarati pop, bollywood, hindi pop, desi, gujarati garba, sufi, qawwali","Badlapur (Original Motion Picture Soundtrack)",2014-12-09,68,79,0,55,0,10,-9,F Major,4,2GXXZFUxYg2LvG8SR0byOE,GBSGZ1500292
21,"Akhiyaan Gulaab (From  Teri Baaton Mein Aisa Uljha Jiya )","Mitraz",107,1A,59,2024-08-22,02:51,74,"indian indie, hindi indie, desi pop, desi, hindi pop","Akhiyaan Gulaab (From  Teri Baaton Mein Aisa Uljha Jiya )",2024-01-19,76,36,0,79,0,10,-8,G#/A♭ Minor,4,0M0ANKNzmM4Odd7FNKghzW,INS182400204
22,"Tum Hi Aana (From  Marjaavaan )","Payal Dev,Jubin Nautiyal,Kunaal Vermaa",90,9A,40,2024-07-24,04:09,72,"bhajan, devotional, bollywood, desi pop, hindi pop, desi","Tum Hi Aana (From  Marjaavaan )",2019-10-03,47,63,0,35,0,10,-7,E Minor,4,6E9UwSfT80age2xknoMS7Y,INS181905004
23,"Mann Mera","Gajendra Verma",192,12A,77,2024-06-13,03:20,12,"hindi pop","Table No. 21 (Original Motion Picture Soundtrack)",2012-12-21,54,5,0,37,0,0,-8,C♯/D♭ Minor,4,3yV2c3cYhkAwSsxAq6nRiv,GBSGZ1200069
24,"Jee Karda - Rock Version","Sachin-Jigar,Divya Kumar,Priya Saraiya",140,10A,83,2024-07-03,03:59,0,"gujarati pop, bollywood, hindi pop, desi, gujarati garba","Badlapur (Original Motion Picture Soundtrack)",2014-12-09,61,41,0,68,0,20,-7,B Minor,4,37Z0JtMr9BBTpD1TPClCY3,GBSGZ1500293
25,"Teri Khair Mangdi","Bilal Saeed,Kumaar",98,7A,58,2024-07-10,03:45,64,"punjabi pop, bhangra, desi, desi hip hop, bollywood, hindi pop","Baar Baar Dekho (Original Motion Picture Soundtrack)",2016-08-04,72,60,0,32,0,20,-5,D Minor,4,4HceynRFeONXIHTq4X1q2N,INZ031401553
26,"Disco Disco","Sachin-Jigar,Benny Dayal,Shirley Setia",117,9A,78,2024-09-21,02:47,34,"gujarati pop, bollywood, hindi pop, desi, gujarati garba","A Gentleman",2017-08-17,82,42,0,85,0,0,-4,E Minor,4,0bqmYMFgErHrS38mMkYZ6y,INS181701314
27,"One Love","Shubh",145,9B,51,2024-11-12,02:39,77,"punjabi hip hop, punjabi pop, desi hip hop, hindi hip hop, desi","One Love",2023-08-18,85,28,1,88,10,10,-8,G Major,4,5ZLkihi6DVsHwDL3B8ym1t,QMBZ92399156
28,"Gulabi Aankhen","Sanam",106,5A,65,2024-11-12,03:17,71,"hindi pop, desi pop","Universally SANAM",2019-08-09,64,42,0,44,0,20,-7,C Minor,4,1ccZZf0IQi5y0bHMl2aGDF,INUM71900031
29,"Dekhte Dekhte","Atif Aslam,Nusrat Fateh Ali Khan,Rochak Kohli,Manoj Muntashir",105,8A,83,2024-11-14,04:16,71,"bollywood, hindi pop, desi, sufi, qawwali, ghazal, bhajan, devotional","Batti Gul Meter Chalu",2018-09-08,80,42,0,63,0,10,-5,A Minor,4,1scGwkyXNCl19wrBDhnAWg,INS181801890
30,"Royalty","Egzod,Maestro Chives",80,9A,86,2024-11-25,03:43,43,"","Royalty",2021-04-22,39,2,0,32,0,10,-4,E Minor,4,7kUljt0NM5sISL3OGNVxYd,GB2LD2110089
31,"Husn","Anuv Jain",152,7B,38,2024-11-25,03:37,78,"indian indie, hindi indie, hindi pop","Husn",2023-12-01,53,68,0,24,0,10,-10,F Major,4,0TL0LFcwIBF5eX7arDIKxY,INUM72303081
32,"Yeh Raaten Yeh Mausam","Sanam,Simran Sehgal",151,4A,32,2024-11-29,03:28,67,"hindi pop, desi pop, ","Yeh Raaten Yeh Mausam - Sanam And Simran Shgal",2014-11-30,69,90,0,66,0,10,-8,F Minor,3,1ApfHqjOoBmJZ0SjdjzVyA,INH101402125
33,"Taarif Karoon","Mohammed Rafi,Sanam",112,7B,68,2024-12-06,02:37,52,"ghazal, hindi pop, desi pop","Sanam - Taarif Karoon",2019-05-16,80,35,0,80,0,10,-6,F Major,4,7Hkbm2DgepcriVxDrwbCcc,INH101902290
34,"Lag Ja Gale","Sanam",135,4B,32,2024-12-06,04:00,61,"hindi pop, desi pop","Lag Ja Gale - Sanam",2014-07-15,39,86,0,46,0,0,-9,G#/A♭ Major,3,733B0eINqwUqzV49kNRPPA,INH101401213
35,"O Mere Dil Ke Chain","Sanam,R. D. Burman",122,10A,64,2024-12-08,03:22,63,"hindi pop, desi pop, ghazal","O Mere Dil Ke Chain - Sanam",2015-06-30,78,22,0,71,0,0,-7,B Minor,4,3WVtOC0yQGiifTSeESXIrw,INH101500926
36,"Mere Samnewali Khidki Mein - Jhankar Beats","DJ Harshit Shah,DJ MHD IND,Sanam",140,9B,70,2024-12-14,03:01,32,"hindi pop, desi pop","Mere Samnewali Khidki Mein - Jhankar Beats",2023-06-30,82,36,0,88,0,10,-7,G Major,4,4uXDFZF5TGM9HPNLE4NNjG,INH102309500
37,"Ilahi","Pritam,Arijit Singh,Amitabh Bhattacharya",132,11B,97,2024-12-17,03:48,75,"bollywood, hindi pop, desi, bangla pop","Yeh Jawaani Hai Deewani",2013-03-30,59,17,0,45,0,10,-6,A Major,4,5cgKosPPj5Cs9a2JQufUc1,INS181303779
38,"Alag Aasmaan","Anuv Jain",119,2B,30,2024-12-18,03:32,72,"indian indie, hindi indie, hindi pop","Alag Aasmaan",2020-07-31,70,87,0,46,0,0,-13,F#/G♭ Major,4,3bQsp4Vr9Rg4fNCx6HPOgX,TCAEZ2083117
39,"Dil Kya Kare","Sanam",101,3A,53,2024-12-21,03:29,52,"hindi pop, desi pop","Universally SANAM",2019-08-09,76,16,0,84,0,10,-6,A#/B♭ Minor,4,6S6igJi5j9FP1JVzl9EVqu,INUM71900033
40,"Thodi Jagah (From  Marjaavaan )","Arijit Singh,Tanishk Bagchi,Rashmi Virag",107,5A,47,2024-12-27,03:38,69,"hindi pop, bollywood, desi, bangla pop, desi pop, gujarati garba","Thodi Jagah (From  Marjaavaan )",2019-10-18,62,63,0,23,0,0,-5,C Minor,4,3f0wz6zcA7XkQiGm0qNF5r,INS181905108
41,"Tera Hone Laga Hoon","Pritam,Atif Aslam,Alisha Chinai",120,4B,77,2025-01-23,04:59,76,"bollywood, hindi pop, desi, sufi, qawwali, desi pop","Ajab Prem Ki Ghazab Kahani (Original Motion Picture Soundtrack)",2009-11-06,69,55,0,55,0,10,-5,G#/A♭ Major,4,0dLbrlAVPPjpPqnYfmJsWk,INT100900021
42,"Pal Pal Dil Ke Paas - From  Blackmail ","Kishore Kumar",121,3B,40,2025-01-24,05:29,64,"ghazal, bangla pop, hindi pop","Blackmail (Original Motion Picture Soundtrack)",1973-01-01,51,63,0,51,0,10,-10,C♯/D♭ Major,4,0HI3O9uCBWtu7B3boRpCaL,INP100300046
43,"Kya Hua Tera Vada","Sushma Shrestha,Mohammed Rafi,R. D. Burman",99,7B,58,2025-01-24,04:17,70,"ghazal, hindi pop","Hum Kisise Kum Naheen",1977-08-25,51,21,0,78,0,10,-6,F Major,4,5XTdgOtJYAOXiw2gHW2KmQ,INH109534740
44,"O Mere Dil Ke Chain","Kishore Kumar,R. D. Burman",109,8A,38,2025-01-24,04:36,70,"ghazal, bangla pop, hindi pop","Mere Jeevan Saathi",1972-01-01,46,87,0,54,0,0,-13,A Minor,4,6Frhkb7giXWjeJAX2dJT88,INH109990260
45,"Saagar Jaisi Aankhonwali - From  Saagar ","Kishore Kumar,R. D. Burman",112,8A,40,2025-01-24,05:03,61,"ghazal, bangla pop, hindi pop","Saagar (Original Motion Picture Soundtrack)",1985-01-01,55,65,0,40,0,10,-11,A Minor,4,0x6uQ4XMGrPDcYiWRZlBSq,INUM70500039
46,"Mere Mehboob Qayamat Hogi","Kishore Kumar,Laxmikant–Pyarelal",97,4B,36,2025-01-24,03:48,68,"ghazal, bangla pop, hindi pop, bhajan","Mr. X In Bombay",1964-01-01,40,77,0,58,0,20,-9,G#/A♭ Major,4,3MRREVp7Vwiivsny9bGd9O,INH109631830
47,"Dil Kya Kare","Kishore Kumar",87,2A,39,2025-01-24,06:44,59,"ghazal, bangla pop, hindi pop","Julie (Original Motion Picture Soundtrack)",1975-04-18,42,67,0,48,0,10,-13,D#/E♭ Minor,4,5t0qa7vBhsi9kUsncxTXoz,INP100300043
48,"Khwab Ho Tum Ya Koi Haqeeqat","Kishore Kumar,S. D. Burman",124,9B,55,2025-01-24,05:33,55,"ghazal, bangla pop, hindi pop","Teen Devian",1965-01-01,45,95,0,54,0,20,-6,G Major,4,6BirLItaTffBCKTAeWi3gT,INH109237610
49,"Pyar Diwana Hota Hai","Kishore Kumar,R. D. Burman",124,7B,66,2025-01-24,04:44,61,"ghazal, bangla pop, hindi pop","Kati Patang",1970-01-01,55,66,0,83,0,30,-8,F Major,4,0Yu6DMaU2w0777Ek5XQNyI,INH109544100
50,"Hai Apna Dil To Aawara - Happy","Hemant Kumar,S. D. Burman",110,2B,47,2025-01-24,04:21,53,"bangla pop, ghazal","Solva Saal",1958-01-01,61,57,0,93,0,50,-11,F#/G♭ Major,4,0p7EstNUg5VYyD8jxs1Na7,INH109245370
51,"Ek Ajnabee Haseena Se","Kishore Kumar,R. D. Burman",97,2B,55,2025-01-24,04:26,67,"ghazal, bangla pop, hindi pop","Ajanabee",1974-09-18,33,99,51,66,0,50,-9,F#/G♭ Major,4,1mPNK9DQVA7gJNtJ20PZu3,INH109243080
52,"Mast Magan","Arijit Singh,Chinmayi,Shankar-Ehsaan-Loy,Amitabh Bhattacharya",83,9B,77,2025-01-24,04:40,72,"hindi pop, bollywood, desi, bangla pop, tamil pop, marathi pop, kollywood, tollywood, telugu pop, sufi","2 States",2014-03-14,66,61,0,88,0,10,-7,G Major,4,3uL1IBFhg52VcQqOwAG01E,INS181400606
53,"Milne Hai Mujhse Aayi (From  Aashiqui 2 )","Arijit Singh",144,10A,71,2025-01-25,04:55,66,"hindi pop, bollywood, desi, bangla pop","Arijit Singh Broken Strings",2019-04-24,52,4,0,30,0,10,-5,B Minor,4,24b9eObMccIrDSs3NvdrRd,INS181303040
54,"Nadaan Parinde","A.R. Rahman,Mohit Chauhan",133,11A,74,2025-01-25,06:24,66,"tamil pop, kollywood, bollywood, sufi, hindi pop, desi","Rockstar",2011-10-01,51,41,0,49,0,10,-7,F#/G♭ Minor,4,6Z394Nd4gW6Ts9hmu3NUjx,INS181103508
55,"Sunn Raha Hai","Ankit Tiwari,Sandeep Nath",82,5A,64,2025-01-25,06:30,76,"bollywood, hindi pop, desi","Aashiqui 2",2013-04-06,39,28,0,34,0,10,-6,C Minor,4,5PvwPy5eRO8BPwpRzCHK3D,INS181303032
56,"Mere Mehboob Qayamat Hogi","Sanam,Laxmikant–Pyarelal",106,10A,58,2025-01-27,04:01,62,"hindi pop, desi pop, ghazal, bhajan","Mere Mehboob Qayamat Hogi - Sanam",2015-06-30,70,16,0,56,0,40,-6,B Minor,4,3MPHub8AYXBHMEqJa4yrGc,INH101500927
57,"Pal Pal Dil Ke Paas - Title Track - From  Pal Pal Dil Ke Paas ","Arijit Singh,Parampara Thakur,Sachet-Parampara,Siddharth - Garima",124,12A,51,2025-01-27,04:14,64,"hindi pop, bollywood, desi, bangla pop, bhajan, gujarati garba","Pal Pal Dil Ke Paas - Title Track (From  Pal Pal Dil Ke Paas )",2019-08-27,57,59,0,39,0,0,-7,C♯/D♭ Minor,4,3xeqwaUWpJI8j5gmCaHxt8,INZ031406006
58,"Aap Ki Nazron Ne Samjha","Sanam",93,12A,36,2025-01-27,03:06,57,"hindi pop, desi pop","Aap Ki Nazron Ne Samjha - Sanam",2014-09-30,36,82,0,48,0,10,-5,C♯/D♭ Minor,1,2Q6Eo7zJ3woi7oVUkfDt1W,INH101401652
59,"Likhe Jo Khat Tujhe","Sanam",108,5A,34,2025-01-27,03:23,53,"hindi pop, desi pop","Sanam - Likhe Jo Khat Tujhe",2020-05-04,83,56,0,71,0,10,-11,C Minor,4,5Mv7UmRWMUyQrOULQk3f39,INH102002226
60,"Humdard (From  Ek Villain )","Arijit Singh",87,7B,54,2025-01-27,04:20,67,"hindi pop, bollywood, desi, bangla pop","Ultimate Love Songs - Arijit Singh",2020-05-19,57,76,0,27,0,10,-6,F Major,4,2PvaburAUlhNHxVhw5lvOq,INS181401039
61,"Apna Bana Le","Sachin-Jigar,Arijit Singh,Amitabh Bhattacharya",94,11B,56,2025-01-27,04:21,56,"gujarati pop, bollywood, hindi pop, desi, gujarati garba, bangla pop","The Arijit Singh Collection",2023-05-26,59,80,0,44,0,0,-7,A Major,4,1UTzknFnMdtH3morV6o1hA,INZ031411736
62,"Phir Bhi Tumko Chaahunga","Mithoon,Manoj Muntashir,Arijit Singh,Shashaa Tirupati",100,3B,52,2025-01-27,05:51,70,"bollywood, hindi pop, bhajan, devotional, desi, bangla pop, tamil pop, kollywood","The Arijit Singh Collection",2023-05-26,53,88,0,27,0,10,-8,C♯/D♭ Major,4,1fcCPXmH4vUzG6UQTTjZp5,INZ031402279
63,"Chahun Main Ya Naa","Palak Muchhal,Arijit Singh,Jeet Gannguli,Irshad Kamil",107,8A,52,2025-01-29,05:04,75,"bollywood, hindi pop, gujarati garba, desi, bangla pop","Aashiqui 2",2013-04-06,64,52,0,26,0,0,-7,A Minor,4,6UgcN95w7vQxkR8sEFmwHG,INS181303033
64,"Bhula Dena","Mustafa Zahid,Jeet Gannguli,Sanjay Masoom",132,9A,51,2025-01-29,04:00,71,"bollywood, hindi pop, bangla pop, ","Aashiqui 2",2013-04-06,52,63,0,24,0,20,-7,E Minor,4,0WNCYgCd33LnBnw22WFuq8,INS181303037
65,"Likhe Jo Khat Tujhe","Mohammed Rafi",107,10A,45,2025-02-01,04:33,64,"ghazal","Kanyadaan",1968-01-01,38,89,14,74,0,30,-13,B Minor,4,0es02Rp0p0WpC4WRBDtM8P,INH109343400
66,"Main Pal Do Pal Ka Shair Hoon","Mukesh",124,12B,33,2025-02-01,03:24,56,"ghazal, tamil dance","Kabhi Kabhie",1976-01-27,56,85,0,64,0,60,-14,E Major,4,2MAQWNhW0jKI0qWnNNO8C9,INH109539840
67,"Chhu Kar Mere Manko - From  Yaarana ","Kishore Kumar",139,12B,51,2025-02-01,04:14,58,"ghazal, bangla pop, hindi pop","Yaarana (Original Motion Picture Soundtrack)",1981-01-01,36,80,0,37,0,10,-12,E Major,4,4TimJMbd97nFu5wW9DJXQ9,INP100300047
68,"Kahin Door Jab Din Dhal Jaye","Mukesh,Salil Chowdhury",91,7B,42,2025-02-01,05:37,64,"ghazal, tamil dance, bangla pop, malayalam pop","Anand",1971-05-03,52,85,0,48,0,30,-7,F Major,4,2P7i3LoqblIGiNk1Jmbc30,INH109246000
69,"Tere Sang Yaara","Atif Aslam,Manoj Muntashir",75,4B,55,2025-02-02,04:46,65,"bollywood, hindi pop, desi, sufi, qawwali, bhajan, devotional","Rustom (Original Motion Picture Soundtrack)",2016-07-15,42,65,0,55,0,10,-7,G#/A♭ Major,4,72CkpVdvmc8t28o8I9N32J,INZ031401497
70,"Bulleya","Pritam,Amit Mishra,Shilpa Rao",87,7A,77,2025-02-03,05:48,68,"bollywood, hindi pop, desi","Ae Dil Hai Mushkil (Original Motion Picture Soundtrack) [Deluxe Edition]",2016-10-26,55,50,0,70,0,10,-5,D Minor,4,0Bz7dfqPY4JOGZO3O1j8Wh,INS171602235
71,"Ae Dil Hai Mushkil Title Track","Pritam,Arijit Singh",124,2A,65,2025-02-03,04:29,73,"bollywood, hindi pop, desi, bangla pop","Ae Dil Hai Mushkil (Original Motion Picture Soundtrack) [Deluxe Edition]",2016-10-26,50,71,0,35,0,10,-7,D#/E♭ Minor,4,1UWacd8x8tPPwmrPB1MoBI,INS171602089
72,"Main Rang Sharbaton Ka","Atif Aslam,Chinmayi,Pritam",90,2B,63,2025-02-03,04:23,73,"bollywood, hindi pop, desi, sufi, qawwali, tamil pop, marathi pop, kollywood, tollywood, telugu pop","Best of Romance: Atif Aslam",2023-04-20,63,69,0,70,0,10,-7,F#/G♭ Major,4,2IEhtVeM9TVql8fZdKdlo9,INT101303505
73,"Kya Mujhe Pyar Hai","Pritam,KK,Neelesh Misra",118,11A,82,2025-02-03,04:26,74,"bollywood, hindi pop, desi","Woh Lamhe",2006-08-17,64,43,0,79,0,0,-6,F#/G♭ Minor,4,3HFjh7QljnUCBLsoTwMuTj,INS180602902
74,"Tu Hi Haqeeqat","Pritam,Javed Ali,Irshan Ashraf,Shadab,Sayeed Quadri",116,9A,74,2025-02-03,05:02,76,"bollywood, hindi pop, desi, sufi, qawwali, desi pop","Tum Mile (Original Motion Picture Soundtrack)",2009-09-08,71,58,0,71,0,20,-5,E Minor,4,3OLFqbd9ZeVjaUKTiaLsD6,INS170900406
75,"Tujhe Kitna Chahne Lage (From  Kabir Singh )","Arijit Singh,Mithoon",70,1B,40,2025-02-03,04:44,79,"hindi pop, bollywood, desi, bangla pop","Tujhe Kitna Chahne Lage (From  Kabir Singh )",2019-05-31,43,74,0,31,0,10,-8,B Major,4,2Fv2injs4qAm8mJBGaxVKU,INS181902088
76,"Banjaara (From  Ek Villain )","Mohammed Irfan",116,12A,49,2025-02-03,05:36,61,"hindi pop, bollywood","Best Of Shraddha Kapoor",2017-03-03,66,71,0,40,0,10,-7,C♯/D♭ Minor,4,2S6N9pbnkhQRyAx80HmF79,INS181401028
77,"Jeene Laga Hoon","Sachin-Jigar,Atif Aslam,Shreya Ghoshal",90,6A,73,2025-02-03,03:56,78,"gujarati pop, bollywood, hindi pop, desi, gujarati garba, sufi, qawwali, kannada pop, marathi pop","Ramaiya Vastavaiya (Original Motion Picture Soundtrack)",2013-07-19,53,17,0,55,0,10,-8,G Minor,4,3t3wsY5IdLVzB9WidegJSU,INT101301475
78,"Duniyaa (From  Luka Chuppi )","Akhil,Dhvani Bhanushali,Kunaal Vermaa,Abhijit Vaghani",77,6A,66,2025-02-03,03:42,73,"punjabi pop, hindi pop, bollywood, desi pop, desi, sufi","Duniyaa (From  Luka Chuppi )",2019-02-22,44,70,0,52,0,10,-6,G Minor,4,2tjWCe2W7sgvS3C8NHcdtI,INS181900390
79,"Phir Aur Kya Chahiye (From  Zara Hatke Zara Bachke )","Sachin-Jigar,Arijit Singh,Amitabh Bhattacharya",100,12B,55,2025-02-03,04:26,61,"gujarati pop, bollywood, hindi pop, desi, gujarati garba, bangla pop","Zara Hatke Zara Bachke",2023-08-25,56,53,0,53,0,10,-6,E Major,4,5Tkf5CbtVYHA1SiKo1NrJE,INH102307527
80,"O Saathi","Atif Aslam,Arko",90,4B,50,2025-02-03,04:11,75,"bollywood, hindi pop, desi, sufi, qawwali, bangla pop","O Saathi (From  Baaghi 2 )",2018-03-09,48,59,0,45,0,10,-7,G#/A♭ Major,4,6fScgF2Y63ScU73nYju0ny,INS181800584
81,"INDUSTRY BABY (feat. Jack Harlow)","Lil Nas X,Jack Harlow",150,2A,70,2025-02-04,03:32,76,"","INDUSTRY BABY (feat. Jack Harlow)",2021-07-23,74,2,0,89,0,0,-7,D#/E♭ Minor,4,27NovPIUIRrOZoCHxABJwK,USSM12104539
82,"Choo Lo","The Local Train",146,12B,70,2025-02-09,03:53,71,"indian indie, hindi indie","Aalas Ka Pedh",2015-09-25,51,3,1,35,0,10,-6,E Major,4,0rlLBWFFTQiOWi963SH9bb,INO131301172
83,"Soch Na Sake","Amaal Mallik,Arijit Singh,Tulsi Kumar",152,11B,67,2025-02-13,04:41,77,"bollywood, hindi pop, desi, bangla pop","Airlift",2015-12-17,51,60,0,52,0,20,-6,A Major,4,6mTvwBzWTGDOVeCNQEqtOE,INS181502125
84,"Har Kisi Ko","Arijit Singh,Neeti Mohan",95,5B,71,2025-02-13,05:37,32,"hindi pop, bollywood, desi, bangla pop","Akshay Kumar - Feeling Blue",2016-09-01,56,48,0,32,0,20,-7,D#/E♭ Major,4,76KlitF04EX4WJoitJk60B,INS181305660
85,"Tere Pyaar Mein","Pritam,Arijit Singh,Amitabh Bhattacharya,Nikhita Gandhi",119,8A,75,2025-02-14,04:26,71,"bollywood, hindi pop, desi, bangla pop","Tere Pyaar Mein (From  Tu Jhoothi Main Makkaar )",2023-02-01,68,12,0,41,0,10,-5,A Minor,4,2ZD4aIEepqZsdxPxLSuUhm,INS182300213
86,"Thoda Thoda Pyaar","Nilesh Ahuja,Kumaar,Stebin Ben",103,4A,53,2025-02-14,04:04,61,"hindi pop, bollywood, desi, desi pop","Thoda Thoda Pyaar",2021-02-12,71,14,0,14,0,10,-9,F Minor,4,7q0XU83dlXOzoAor3sulOM,INZ031408749
87,"Agar Tum Saath Ho","Alka Yagnik,Arijit Singh",123,5B,52,2025-02-15,05:41,75,"bollywood, hindi pop, desi, bangla pop","Tamasha",2015-10-16,56,56,0,42,0,10,-9,D#/E♭ Major,4,3hkC9EHFZNQPXrtl8WPHnX,INS181501796
88,"Simroon Tera Naam (From  Yaariyan 2 )","Manan Bhardwaj,Sachet Tandon,Nusrat Fateh Ali Khan",154,1A,66,2025-02-15,04:18,56,"bhajan, hindi pop, desi pop, devotional, bollywood, qawwali, ghazal, sufi","Simroon Tera Naam (From  Yaariyan 2 )",2023-09-06,27,39,0,36,0,10,-5,G#/A♭ Minor,3,30Aof6iEIZDwYukcB98AOc,INS182302513
89,"Khamoshiyan","Jeet Gannguli,Arijit Singh,Rashmi Virag",144,7A,52,2025-02-15,05:35,72,"bangla pop, hindi pop, bollywood, desi","Khamoshiyan (Original Motion Picture Soundtrack)",2014-12-29,53,63,0,27,0,10,-7,D Minor,3,6zCQF5tu7HVwU9shhKqiuF,INS171402465
90,"Fearless Pt. II","Lost Sky,Chris Linton",110,2B,93,2025-03-05,03:14,31,"","Fearless Pt. II",2017-12-23,73,28,0,33,0,10,-4,F#/G♭ Major,4,4y1nvncvBhdoelqPMyXxis,GB2LD1700381
91,"Tum Hi Ho","Arijit Singh,Mithoon",94,4A,45,2025-03-07,04:21,78,"hindi pop, bollywood, desi, bangla pop","Aashiqui 2",2013-04-06,53,79,0,31,0,10,-6,F Minor,4,56zZ48jdyY2oDXHVnwg5Di,INS181303031
92,"Aasan Nahin Yahan","Arijit Singh,Jeet Gannguli,Irshad Kamil",94,3A,44,2025-03-07,03:34,72,"hindi pop, bollywood, desi, bangla pop","Aashiqui 2",2013-04-06,55,77,0,24,0,10,-7,A#/B♭ Minor,4,06zJUeKU5KFy50Cho6pDcr,INS181303038
93,"Milne Hai Mujhse Aayi","Arijit Singh,Jeet Gannguli,Irshad Kamil",144,10A,71,2025-03-07,04:55,71,"hindi pop, bollywood, desi, bangla pop","Aashiqui 2",2013-04-06,52,4,0,31,0,10,-5,B Minor,4,2iGnFW7m517taq3AJIE6DK,INS181303040
94,"Aankhein Khuli","Jatin-Lalit,Lata Mangeshkar,Udit Narayan,Udbhav,Manohar Shetty,Ishaan,Shweta Pandit,Sonali Bhatawdekar,Pritha Mazumdar,Anand Bakshi",122,6A,64,2025-03-08,07:02,70,"bollywood, hindi pop, desi, ghazal, bhajan, marathi pop","Mohabbatein",2000-08-27,79,35,0,65,0,30,-14,G Minor,4,16XEVyPh5NT31CAAqPbxQF,INY090000004
95,"Pyar Hua Iqrar Hua","Manna Dey,Lata Mangeshkar",127,11A,47,2025-03-08,04:20,56,"bangla pop, ghazal, qawwali, bhajan, bollywood, hindi pop, marathi pop","Shree 420",1955-06-09,44,75,0,86,0,20,-10,F#/G♭ Minor,4,3B3MQlP4NPAxE2HEE2sEsS,INH109239630
96,"Jo Tum Mere Ho","Anuv Jain",124,12A,30,2025-03-11,04:11,82,"indian indie, hindi indie, hindi pop","Jo Tum Mere Ho",2024-08-02,46,66,0,18,0,20,-13,C♯/D♭ Minor,5,0eCajpR75pDW0r64U6hP2x,INUM72400721
97,"Raanjhanaa (From  Raanjhanaa )","A.R. Rahman,Jaswinder Singh,Shiraz Uppal",113,11B,71,2025-03-11,04:14,78,"tamil pop, kollywood, bollywood, sufi, hindi pop, qawwali","Raanjhanaa (Original Motion Picture Soundtrack)",2013-05-31,67,11,0,78,0,0,-8,A Major,4,5OMUXgfXsSukZ0zxelpC3b,INS171300392
98,"Tum Se (From  Teri Baaton Mein Aisa Uljha Jiya )","Sachin-Jigar,Raghav Chaitanya,Varun Jain,Indraneel",100,6B,60,2025-03-12,04:24,76,"gujarati pop, bollywood, hindi pop, desi, gujarati garba, hindi indie, indian indie, desi pop, ","Tum Se (From  Teri Baaton Mein Aisa Uljha Jiya )",2024-02-02,61,68,0,44,0,10,-6,A#/B♭ Major,4,2ceeTJAzKy295Fm0VsaXtE,INS182400341
99,"Ishq","Faheem Abdullah,Rauhan Malik,Amir Ameer",95,9A,56,2025-03-16,03:44,82,"hindi pop, indian indie","Lost;Found",2024-05-25,39,50,3,29,0,10,-9,E Minor,4,1hlbywc8Jhl1FFqJxAMabE,FR96X2451081
100,"Blinding Lights","The Weeknd",171,3B,73,2025-03-24,03:20,91,"","After Hours",2020-03-20,51,0,0,33,0,0,-6,C♯/D♭ Major,4,0VjIjW4GlUZAMYd2vXMi3b,USUG11904206
101,"Shape of You","Ed Sheeran",96,12A,65,2025-03-24,03:53,91,"soft pop","÷ (Deluxe)",2017-03-03,83,58,0,93,0,0,-3,C♯/D♭ Minor,4,7qiZfU4dY1lWllzX7mPBI3,GBAHS1600463
102,"Sunflower - Spider-Man: Into the Spider-Verse","Post Malone,Swae Lee",90,10B,48,2025-03-24,02:38,85,"","Spider-Man: Into the Spider-Verse (Soundtrack From & Inspired by the Motion Picture)",2018-12-14,76,55,0,91,0,0,-6,D Major,4,3KkXRkHbMCARz0aVfEt68P,USUM71814888
103,"Heat Waves","Glass Animals",81,1B,53,2025-03-27,03:58,9,"","Heat Waves",2020-06-29,76,44,0,53,0,0,-7,B Major,4,6CDzDgIUqeDY5g8ujExx2f,GBUM72000433
104,"Don't Start Now","Dua Lipa",124,10A,79,2025-03-27,03:03,84,"pop","Future Nostalgia",2020-03-27,79,1,0,68,0,10,-5,B Minor,4,3PfIrDoz19wz7qK7tYeu62,GBAHT1901121
105,"Thunder","Imagine Dragons",168,8B,81,2025-03-27,03:07,8,"","Evolve",2017-06-23,60,1,21,30,0,10,-5,C Major,4,0tKcYR2II1VCQWT79i5NrW,USUM71704167
106,"Mortals","Warriyo",90,10B,66,2025-03-28,03:48,32,"","Mortals",2016-12-15,32,2,8,8,0,10,-6,D Major,4,11uvudmvZBzG2ztQsOB5sF,GB2LD0902603
107,"Zaroorat","Mustafa Zahid,Mithoon",93,2A,71,2025-03-28,06:08,70,"bollywood, hindi pop","Ek Villain",2014-05-28,35,36,0,24,0,20,-6,D#/E♭ Minor,4,32U1XMh3DKlm45uvpofhvY,INS181401037
108,"Co2","Prateek Kuhad",81,3B,68,2025-04-01,02:43,72,"indian indie, hindi indie","The Way That Lovers Do",2022-05-20,53,66,0,68,0,10,-5,C♯/D♭ Major,4,3hB9lDLyAClYVZivMMl20N,USAT22201719
109,"Sau Tarah Ke","Pritam,Jonita Gandhi,Amit Mishra,Kumaar,Ashish Pandit",134,1B,77,2025-04-01,03:58,68,"bollywood, hindi pop, desi, tamil pop, kollywood","Dishoom",2016-07-15,70,5,0,72,0,10,-5,B Major,4,54SQet8YMttOgTqDNGcGpe,INS181600966
110,"Yeh Vaada Raha - Tu Tu Hai Wahi / From “Yeh Vaada Raha”","Kishore Kumar,Asha Bhosle,R. D. Burman",73,8B,68,2025-04-07,06:47,40,"ghazal, bangla pop, hindi pop, marathi pop, bollywood","Kishore Kumar's Golden Voice",2023-06-20,54,63,0,60,0,10,-5,C Major,4,6KHyq9vmS622R9iwpEAdvm,INUM70500760
111,"Sanson Ki Mala Pe","Xariya",155,5A,69,2025-04-08,04:42,0,"desi hip hop, hindi hip hop, punjabi hip hop","Sanson Ki Mala Pe",2025-02-15,26,0,0,52,0,10,-8,C Minor,3,10DNPOKT0QF0uw5GTCULrD,QZES92560065
112,"Sanson Ki Mala Pe - Cover","André Antunes,Shan Padman",156,5A,77,2025-04-09,04:45,0,"neoclassical, ","Sanson Ki Mala Pe (Cover)",2023-05-11,27,0,0,59,0,10,-5,C Minor,3,25Yg2ntPhCsLpx0x3wp9nX,QZK6M2336502
113,"Wellerman - Sea Shanty","Nathan Evans",192,5B,36,2025-04-09,02:35,73,"sea shanties","Wellerman (Sea Shanty)",2021-01-21,68,61,0,79,10,10,-5,D#/E♭ Major,4,54OBgO0Xwu20Jak9TMXbR7,GBUM72100297
114,"Samjhawan","Jawad Ahmad,Shaarib Toshi,Arijit Singh,Shreya Ghoshal",107,12B,48,2025-04-26,04:29,83,"bollywood, hindi pop, desi, bangla pop, kannada pop, marathi pop","Samjhawan",2014-06-19,65,29,0,52,0,0,-9,E Major,4,0rk2X5TAhraBC5aCIXK2Rq,INS171401263
115,"MATUSHKA ULTRAFUNK","satirin",110,8B,94,2025-04-27,02:24,69,"phonk, brazilian phonk","MATUSHKA ULTRAFUNK",2024-12-13,69,0,21,85,10,60,-3,C Major,4,12CXx3gXBn9QjGSNYzEh05,CA5KR2497631
116,"Матушка","Татьяна Куртукова",94,7A,83,2025-04-27,02:52,72,"","Матушка",2022-11-04,65,2,0,66,0,20,-5,D Minor,4,1K6axkQVqzv1votwRFy9FB,QZW9L2252176
117,"Enemy (with JID) - from the series Arcane League of Legends","Imagine Dragons,JID,Arcane,League of Legends",77,10A,78,2025-04-28,02:53,76,"score, ","Enemy (with JID) [from the series Arcane League of Legends]",2021-10-28,73,24,0,56,20,40,-4,B Minor,4,1r9xUipOqoNwggBpENDsvJ,USUM72119916
118,"Aaoge Tum Kabhi","The Local Train",98,8B,86,2025-05-09,05:13,69,"indian indie, hindi indie","Aalas Ka Pedh",2015-09-25,53,2,2,37,0,10,-5,C Major,4,5ivRSlOhVIXN2QMzqgsX0s,INO131301170
119,"Zaroorat (From  Ek Villain )","Mustafa Zahid",93,2A,71,2025-05-09,06:08,55,"bollywood, hindi pop","Best Of Shraddha Kapoor",2017-03-03,35,36,0,24,0,20,-6,D#/E♭ Minor,4,6jUqTvRGOOyJmhxDQaWpNb,INS181401037
120,"Kaise Hua (From  Kabir Singh )","Vishal Mishra,Manoj Muntashir",138,10B,46,2025-05-15,03:54,77,"bollywood, hindi pop, bhajan, devotional","Kaise Hua (From  Kabir Singh )",2019-06-13,39,45,0,15,0,10,-7,D Major,4,1y1rQTkWmrZdJmjwuK07GC,INS181903732
121,"Tera Ghata","Gajendra Verma",180,12A,57,2025-05-18,04:14,72,"hindi pop","Tera Ghata",2018-05-19,72,46,1,68,0,10,-7,C♯/D♭ Minor,4,7qchN9iUKSFijPsadG9m2w,INV421800029
122,"Bloodline","Alex Warren,Jelly Roll",128,9A,78,2025-05-25,03:02,76,"country hip hop, country","Bloodline",2025-05-22,62,26,0,51,0,0,-6,E Minor,4,0qmhTHMVxnXRmT5N92wTD9,USAT22503114
123,"Expiration Dating","Madelline",138,9B,69,2025-05-25,03:00,54,"","Expiration Dating",2025-05-20,64,8,0,22,0,10,-4,G Major,3,4RY8NabvRv6Y95x96asZbr,TCAJN2563871
124,"Ve Kamleya (From  Rocky Aur Rani Kii Prem Kahaani )","Pritam,Arijit Singh,Shreya Ghoshal,Shadab Faridi,Altamash Faridi,Amitabh Bhattacharya",88,10B,66,2025-05-27,04:06,68,"bollywood, hindi pop, desi, bangla pop, kannada pop, marathi pop, sufi","Rocky Aur Rani Kii Prem Kahaani",2024-05-15,47,81,3,53,0,10,-8,D Major,4,6y5SuF4NxGkvwpAdqcAkD3,INH102310310
125,"Teri Meri Kahaani","Palak Muchhal,Manoj Yadav,Arijit Singh",110,2A,80,2025-05-29,05:31,68,"bollywood, hindi pop, gujarati garba, desi, bangla pop","Best Of Palak Muchhal",2024-05-03,60,16,0,35,0,30,-7,D#/E♭ Minor,4,0zQfcBB4obvYUrUNITmyyf,INZ031400534
126,"Kabhi Kabhi Aditi","Rashid Ali",95,6A,56,2025-05-29,03:38,71,"bollywood, hindi pop","Jaane Tu... Ya Jaane Na",2008-05-21,79,28,0,87,0,0,-7,G Minor,4,3APdIdF8H0jsxSuGOqXedS,INS180804909
127,"Mann Mera - Original Version","Gajendra Verma",100,7A,59,2025-06-15,03:48,79,"hindi pop","Mann Mera (Original Version)",2025-05-09,71,17,0,63,0,20,-8,D Minor,4,1As2Jo89VTF9V3D6GuOPr9,INS172501376
128,"Ievan Polkka (Progressive Dance Remix)","JDneX",130,11A,68,2025-06-23,04:23,0,"vocaloid","Ievan Polkka (Progressive Dance Remix)",2016-12-01,76,19,0,70,0,0,-11,F#/G♭ Minor,4,1rRlOm9tzkmpol1Pza4cRv,RUA1H1642047
129,"GigaChad Theme - Phonk House Version","g3ox_em",128,11B,50,2025-06-23,02:26,69,"phonk, drift phonk","GigaChad Theme (Phonk House Version)",2022-08-22,59,0,94,58,0,10,-6,A Major,4,7mLWNwcvwRdEviz6SfYp8A,QZNWS2230712
130,"Rush E","Sheet Music Boss",80,8A,81,2025-06-23,02:24,59,"","Rush Collection",2020-12-23,38,68,93,95,0,0,-8,A Minor,4,7CBN7Kwx1g8SBJZyUbhHc6,QZPLR2056958
131,"Stereo Hearts (feat. Adam Levine)","Gym Class Heroes,Adam Levine",90,11B,80,2025-06-23,03:30,87,"","The Papercut Chronicles II",2011-11-11,65,3,0,80,10,20,-3,A Major,4,0qOnSQQF0yzuPWsXrQ9paz,USAT21101071
132,"Luminary","Joel Sunny",135,11A,59,2025-06-23,03:09,3,"","Luminary",2023-08-31,40,24,5,38,0,20,-9,F#/G♭ Minor,4,66pWxtaxTV8CxcGOvivZeT,AUGBT2300497
133,"Rasputin","Boney M.",126,11B,89,2025-06-23,05:51,69,"disco","Nightflight to Venus",1978-00-00,64,29,1,97,0,20,-7,A Major,4,5jkFvD4UJrmdoezzT1FRoP,DED167800008
134,"NEXT!","NCTS",130,12A,75,2025-06-23,01:39,75,"phonk, brazilian phonk","NEXT!",2024-06-07,63,9,8,33,0,10,-2,C♯/D♭ Minor,4,5hL2t5WyC9bibNDVkhVvDx,CA5KR2464638
135,"Cheri Cheri Lady","Modern Talking",114,6B,62,2025-06-23,03:46,82,"europop, italo disco, eurodance","Let's Talk About Love",1985-00-00,68,46,1,85,0,30,-14,A#/B♭ Major,4,2aEuA8PSqLa17Y4hKPj5rr,DEC738500001
136,"Fairytale","Alexander Rybak",108,7A,78,2025-07-08,03:02,75,"","Fairytale",2009-01-12,57,61,0,66,0,20,-5,D Minor,4,3MnAsEBBsEj86d03RgO4EM,NO23B0900001
137,"Sooraj Ki Baahon Mein","Dominique Cerejo,Clinton Cerejo,Loy Mendonsa",125,1B,55,2025-07-22,03:22,64,"bollywood, desi","Zindagi Na Milegi Dobara",2011-06-06,86,19,0,87,0,0,-7,B Major,4,723xQva0yBF7M6K3nDAG8R,INS181101720
138,"Love You Zindagi","Amit Trivedi,Jasleen Royal,Kausar Munir",110,5B,70,2025-07-22,03:52,64,"bollywood, hindi pop, gujarati garba, desi, gujarati pop, hindi indie, qawwali, sufi","Dear Zindagi (Original Motion Picture Soundtrack)",2016-11-15,69,6,3,39,0,20,-8,D#/E♭ Major,4,6k3XXCE1ZzwevQlxf8dNaw,INS171602536
139,"Buddhu Sa Mann","Amaal Mallik,Armaan Malik,Abhiruchi Chand",126,6B,87,2025-07-22,03:26,61,"bollywood, hindi pop, desi, kannada pop, tollywood","Kapoor & Sons (Since 1921) (Original Motion Picture Soundtrack)",2016-03-04,64,19,0,70,0,50,-5,A#/B♭ Major,4,1dxbiVeiV7nQ2V9qXnhJiB,INS171600299
140,"Mahiye Jinna Sohna","Darshan Raval",92,3B,54,2025-07-22,03:01,67,"gujarati garba, hindi pop, gujarati pop, bollywood, desi pop, desi","Dard",2023-08-09,57,74,0,33,0,10,-6,C♯/D♭ Major,4,0Jiaz0O4AqnJICa9PxHhaR,INW262317735
141,"PASSO BEM SOLTO - Slowed","ATLXS",116,12A,87,2025-07-23,01:56,82,"phonk, brazilian phonk","PASSO BEM SOLTO",2024-04-23,60,1,0,40,0,20,-6,C♯/D♭ Minor,4,4sTlQPMyoFMPdhAJvErBN3,AUMEV2448907
142,"Mitwa","Shankar-Ehsaan-Loy,Shankar Mahadevan,Caralisa Monteiro,Shafqat Amanat Ali",107,12B,63,2025-07-26,06:22,75,"bollywood, sufi, desi, hindi pop, marathi pop, devotional, bhajan, tamil dance","Kabhi Alvida Naa Kehna (Original Motion Picture Soundtrack)",2006-06-08,63,30,0,52,0,0,-8,E Major,4,4BTPzhEsyW3blWcxcuhLM0,INS170600224
143,"Happy Nation","Ace of Base",96,3B,86,2025-07-28,04:15,78,"eurodance, europop","Happy Nation",1992-11-16,67,0,0,67,0,0,-5,C♯/D♭ Major,4,7yCF65vpc7sUwPjftI0iFb,SEVJH0803407
144,"Dhadak - Title Track","Ajay Gogavale,Shreya Ghoshal",78,6A,31,2025-08-08,04:03,69,"marathi pop, devotional, bhajan, bollywood, hindi pop, desi, kannada pop","Dhadak (Original Motion Picture Soundtrack)",2018-07-11,35,85,1,22,0,10,-11,G Minor,4,4SrVkrpAyykhbVnATbfvPV,INZ031403644
145,"Jo Tere Sang","Jeet Gannguli,Mustafa Zahid,Sayeed Quadri",132,10A,91,2025-08-08,05:06,77,"bangla pop, hindi pop, bollywood","Blood Money (Original Motion Picture Soundtrack)",2012-02-14,68,7,0,40,0,10,-6,B Minor,4,0kYBzFJ5a2Jozi6cI4y9Bp,INS171200122
146,"Lite Flow","Subodh Su2",130,10A,78,2025-08-08,03:30,32,"","Lite Flow",2025-01-08,79,24,90,17,0,50,-6,B Minor,4,65n5sVVtEpBDmMWLlLW0Hr,GXF9Q2570060
147,"S'Hab Music - Remix","N'gaous,RANDALL",96,3A,83,2025-08-08,02:28,41,"","S'Hab N'gaous",2019-10-15,55,1,4,31,0,20,-6,A#/B♭ Minor,4,4xdxHhXHuv3fd9JqWD31kT,QMEZE1969024
148,"Maiyya Mainu","Sachet Tandon,Shellee",110,8B,74,2025-08-08,03:51,73,"bhajan, hindi pop, devotional, bollywood, desi pop","Jersey (Original Motion Picture Soundtrack)",2022-04-26,63,19,0,22,0,10,-4,C Major,4,3ygfdwvBJ2Y5XhJiiHFFZE,INZ031410016
149,"Tere Liye","Atif Aslam,Shreya Ghoshal,Sachin Gupta,Sameer Anjaan",130,10A,91,2025-08-12,04:39,75,"bollywood, hindi pop, desi, sufi, qawwali, kannada pop, marathi pop","Prince (Original Motion Picture Soundtrack)",2010-04-09,62,10,0,63,0,10,-4,B Minor,4,0fCQRUbk8LIQTdQYGNtGyv,INT101000002
150,"Die With A Smile","Lady Gaga,Bruno Mars",158,11A,59,2025-08-25,04:11,91,"art pop, pop, ","Die With A Smile",2024-08-16,52,31,0,54,0,10,-8,F#/G♭ Minor,3,2plbrEY59IikOBgBGLjaoe,USUM72409273
151,"Dernière danse","Indila",115,5A,45,2025-08-31,03:33,82,"french pop","Mini World",2014-01-01,67,18,0,33,0,0,-8,C Minor,4,65uoaqX5qcjXZRheAj1qQT,FRUM71301049
152,"Derniere Danse","Trippy Music",126,4B,66,2025-08-31,02:39,30,"","Derniere Danse",2021-07-20,71,3,26,43,0,0,-8,G#/A♭ Major,4,5VZZgWHZP7yHQIQvwSNJnV,QMFME2147255
153,"Dernière danse","Indila",115,5A,45,2025-08-31,03:33,52,"french pop","Mini World (Deluxe)",2014-11-17,67,18,0,33,0,0,-8,C Minor,4,4GCfdrH7k3AwbK9uREy3oX,FRUM71301049
154,"The Nights","Avicii",126,2B,84,2025-08-31,02:56,86,"edm","The Days / Nights",2014-01-01,53,2,0,65,0,20,-5,F#/G♭ Major,4,0ct6r3EGTcMLPtrXHDvVjc,CH3131340464
155,"Alone","Alan Walker",97,6B,91,2025-08-31,02:40,77,"","Different World",2018-12-14,67,23,0,18,0,10,-4,A#/B♭ Major,4,3LlmKSHR3Rs0Y3KHQLAYDk,NOG841617010
156,"STAY (with Justin Bieber)","The Kid LAROI,Justin Bieber",170,3B,76,2025-08-31,02:21,85,"","STAY (with Justin Bieber)",2021-07-09,59,4,0,48,0,10,-5,C♯/D♭ Major,4,5HCyWlXZPP0y6Gqq8TgA20,USSM12103949
157,"Until I Found You","Stephen Sanchez",101,6B,51,2025-09-06,02:57,80,"","Until I Found You",2021-09-01,54,73,0,23,0,10,-6,A#/B♭ Major,3,0T5iIrXA4p5GsubkhuBIKV,USUG12103651
158,"SNAP","Rosa Linn",170,8B,64,2025-09-06,02:59,10,"","SNAP",2022-03-19,56,11,0,53,0,40,-8,C Major,4,76OGwb5RA9h4FxQPT33ekc,USSM12207342
159,"Rasputin","Majestic,Boney M.",128,11A,91,2025-09-06,03:06,82,"disco","Rasputin",2021-02-26,76,0,0,66,10,10,-3,F#/G♭ Minor,4,0b18g3G5spr4ZCkz7Y6Q0Q,DEE862100256
160,"Arcade","Duncan Laurence",72,8A,33,2025-09-06,03:03,77,"","Arcade",2019-03-07,46,82,0,27,0,10,-13,A Minor,3,1Xi84slp6FryDSCbzq4UCD,NL1TK1900001
161,"Let Me Down Slowly","Alec Benjamin",150,12A,56,2025-09-06,02:49,84,"","Narrated For You",2018-11-16,65,74,0,48,0,10,-6,C♯/D♭ Minor,4,2qxmye6gAegTMjLKEBoR3d,USAT21802284
162,"Beggin'","Måneskin",134,10A,80,2025-09-06,03:31,88,"","Chosen",2017-12-08,71,13,0,59,0,30,-5,B Minor,4,3Wrjm47oTz2sjIgck11l5e,ITB001700846
163,"Infinity","Jaymes Young",122,10A,67,2025-09-06,03:57,81,"","Feel Something",2017-06-23,67,15,0,49,0,30,-7,B Minor,4,1SOClUWhOi8vHZYMz3GluK,USAT21700859
164,"Roll with the Wind","Alexander Rybak",96,12A,68,2025-09-06,03:34,45,"","Fairytales",2009-05-29,66,4,0,65,0,10,-6,C♯/D♭ Minor,4,01DMYNJJh0sVdTHdAegMDv,NO23B0900002
165,"Dil Mere","The Local Train",93,4B,47,2025-09-06,03:31,61,"indian indie, hindi indie","Aalas Ka Pedh",2015-09-25,66,84,3,57,0,10,-10,G#/A♭ Major,4,0XF0D8HL9gk2sr9tlFOee3,INO131301175
166,"Wrap Me In Plastic - Marcus Layton Radio Edit","CHROMANCE,Marcus Layton",90,4A,61,2025-09-06,03:12,62,"","Wrap Me In Plastic (Marcus Layton Radio Edit)",2019-11-15,92,24,0,68,0,0,-2,F Minor,4,3n2P3ipLt5mPFVaM0fJHNR,DEE861904185
167,"Ievan Polkka - Remastered 2024","Hatsune Miku,Otomania",119,11A,58,2025-09-06,02:32,61,"vocaloid","Ievan Polkka (Remastered 2024)",2007-05-04,97,16,2,97,0,10,-6,F#/G♭ Minor,4,1ny0kgUklOy5FUigvWWK0q,QZTRX2409094
168,"Mere Mehboob Qayamat Hogi","Kishore Kumar,Laxmikant–Pyarelal",99,5B,46,2025-09-15,04:03,61,"ghazal, bangla pop, hindi pop, bhajan","Classic Revival Ni Sultana Re",2000-02-10,32,66,0,35,0,10,-11,D#/E♭ Major,4,6a9JaoHp5F9lVA7dCjfIHk,INH100264810
169,"Badan Pe Sitare","Sanam",112,8B,68,2025-09-17,02:48,48,"hindi pop, desi pop","Badan Pe Sitare",2025-09-02,72,13,0,76,0,0,-4,C Major,4,4KrCHZiwOdVfRFCvEAiZVX,INH102505182
170,"Neele Neele Ambar Par - Male Version","Kalyanji-Anandji,Kishore Kumar",94,8B,70,2025-09-18,05:22,73,"ghazal, bangla pop, hindi pop","Kalaakaar (Original Motion Picture Soundtrack)",1983-06-10,56,63,0,72,0,10,-8,C Major,4,02zPo0Dt0R4TTFY5zLJZnK,INS171600310
171,"New Americana","Eibell",105,5A,65,2025-09-18,02:47,50,"","New Americana",2024-02-07,70,3,0,16,0,50,-8,C Minor,4,28J2ZaL4mEWrtBWlEzUorz,QZES52395347
172,"Ainsi bas la vida","Indila",128,4B,64,2025-10-07,03:34,72,"french pop","Mini World (Deluxe)",2014-11-17,78,5,0,44,10,10,-7,G#/A♭ Major,4,4lsOsGMzO1yCjGVucoWOZ1,FRUM71402811
173,"Baarishein","Anuv Jain",94,10B,12,2025-11-18,03:27,76,"indian indie, hindi indie, hindi pop","Baarishein",2018-01-12,48,93,0,19,0,10,-9,D Major,4,3WLJ7D5kh44K5eJ1NqZQ6W,TCADK1712757
174,"Señorita","Shawn Mendes,Camila Cabello",117,8A,54,2025-11-18,03:10,80,"","Señorita",2019-06-21,76,4,0,75,0,0,-6,A Minor,4,0TK2YIli7K1leLovkQiNik,USUM71911283
175,"Ishq Jalakar - Karvaan (From  Dhurandhar )","Shashwat Sachdev,Shahzad Ali,Subhadeep Das Chowdhury,Armaan Khan,Roshan,Irshad Kamil,Sahir Ludhianvi",117,10A,70,2025-12-15,04:10,74,"bollywood, desi pop, hindi pop, desi, ghazal, qawwali","Ishq Jalakar - Karvaan (From  Dhurandhar )",2025-11-25,81,5,0,93,10,0,-6,B Minor,4,7d5TUdbJumBuBoaH33jyfo,INH102506912
176,"Kings & Queens","Ava Max",130,12A,69,2026-01-13,02:42,83,"","Heaven & Hell",2020-09-18,64,1,0,46,0,10,-4,C♯/D♭ Minor,4,7a53HqqArd4b9NF4XAmlbI,USAT21906943
177,"Dhurandhar - Title Track (From  Dhurandhar )","Shashwat Sachdev,Hanumankind,Jasmine Sandlas,Sudhir Yaduvanshi,Charanjit Ahuja,Muhammad Sadiq,Ranjit Kaur,Babu Singh Maan",110,11A,94,2026-02-04,02:35,76,"bollywood, desi pop, hindi pop, malayalam hip hop, desi hip hop, bhangra, punjabi pop, desi, ","Dhurandhar - Title Track (From  Dhurandhar )",2025-10-15,72,3,0,29,10,30,-5,F#/G♭ Minor,4,3QspmlfK7myCWJWWl2bywt,INH102506206
178,"Pehla Pyaar","Armaan Malik,Vishal Mishra,Irshad Kamil",125,12B,71,2026-03-09,04:32,72,"bollywood, hindi pop, kannada pop, tollywood, desi","Kabir Singh",2019-06-14,61,56,0,61,0,10,-5,E Major,4,0ojpEubhy4JNeVftmVuiN7,INS181903750
179,"Sahiba","Aditya Rikhari",100,3A,43,2026-03-16,03:10,85,"hindi indie, indian indie, desi pop, hindi pop","Sahiba",2023-12-19,68,55,0,43,0,0,-9,A#/B♭ Minor,4,0eLtIxPRNJfsmehITZ1qaJ,INS182303606
180,"Woh Lamhe Woh Baatein - From  Zeher ","Atif Aslam,Roop Kumar Rathod,Mithoon,Naresh Sharma",90,1A,86,2026-03-29,05:20,57,"bollywood, hindi pop, desi, sufi, qawwali","Zeher (Original Motion Picture Soundtrack)",2005-03-25,56,11,0,39,0,0,-4,G#/A♭ Minor,4,21kImg7AxLbl7rrciuAwoB,INH100502936
181,"I Love It (feat. Charli XCX)","Icona Pop,Charli xcx",126,4B,91,2026-04-20,02:37,80,"hyperpop, art pop","THIS IS... ICONA POP",2013-08-23,71,1,0,82,0,10,-3,G#/A♭ Major,4,6HZ9VeI5IRFCNQLXhpF4bq,SEWEE1200301
182,"I Am Electric","Heaven's Basement",173,4A,100,2026-04-20,03:00,46,"","Filthy Empire (Explicit)",2013-02-05,34,0,0,6,10,30,-3,F Minor,4,1wPVBFSy3rs8dcgt5SrmYz,USP6L1200106
183,"Raat Bhar","Arijit Singh,Shreya Ghoshal",130,12A,88,2026-04-28,05:25,66,"hindi pop, bollywood, desi, bangla pop, kannada pop, marathi pop","Heropanti",2014-04-21,62,2,0,39,0,10,-5,C♯/D♭ Minor,4,3ctaMit7CuiHIPVYrRvm15,INS181400869